topic_word_total8,新车上市,品牌战略,产品规划,车型测试,消费者口碑营销,产品性能
SUV,1,1,1,1,1,1
发动机,1,1,1,1,1,1
动力,1,1,1,1,1,1
新能源,1,1,1,1,1,1
消费者,1,1,1,1,1,1
涡轮增压,1,60,40,1,1,1
豪华,1,50,60,1,25,1
中控,1,1,25,1,1,1
马力,1,1,1,45,35,1
续航里程,1,1,35,1,1,45
赛车,25,1,1,100,1,1
汉密尔顿,1,1,1,1,1,1
空调,1,1,1,1,1,1
智能,20,30,56,21,32,23
塔斯,1,1,1,1,1,1
LED,1,1,1,1,1,1
刹车,1,1,1,80,1,1
维特,1,1,1,1,1,1
1.5T,20,1,45,45,1,23
进气格栅,1,1,1,1,1,21
镀铬,1,1,1,1,23,1
座椅,1,1,1,65,10,10
尾部,1,1,1,45,10,10
上汽,1,45,1,1,1,1
尾灯,1,1,1,1,1,1
纯电动,1,1,1,32,32,32
变速器,1,1,1,65,55,45
莱科宁,1,1,1,1,1,1
金彭,1,45,1,1,1,1
跑车,22,1,1,1,1,1
汽油,1,1,1,45,23,45
国产,23,1,1,1,1,1
家族,75,25,1,1,1,1
家族式,75,1,1,1,1,1
HS,45,1,1,1,1,1
大灯,1,1,1,1,43,43
中控台,1,1,1,1,34,45
科技感,75,56,56,1,23,1
年轻人,15,1,1,1,1,1
补贴,1,1,56,1,60,1
燃油,28,1,34,45,70,1
黑色,1,1,1,1,1,1
线条,1,1,1,1,1,1
2.0T,23,32,43,45,43,32
变速箱,1,1,34,45,34,70
车尾,1,1,1,1,1,1
T5,1,1,1,1,1,1
机油,1,1,1,45,1,70
定位,76,45,56,1,1,1
时尚,34,43,34,1,1,1
年轻,43,50,45,1,1,1
电动车,23,56,76,1,1,1
排位赛,1,1,1,100,1,1
MARVEL,45,1,1,1,1,1
保险杠,1,1,1,1,1,70
维斯塔,1,1,1,1,1,1
油耗,1,1,56,1,70,45
荣威光,45,1,1,1,1,1
速派,1,1,1,1,1,1
格栅,1,1,1,1,1,1
越野,1,23,32,1,1,1
广汽,1,45,1,1,1,1
底盘,1,1,1,45,23,34
视觉效果,1,1,1,1,1,1
北汽,1,45,1,1,1,1
里卡多,1,1,1,1,1,1
世界杯,1,60,1,1,90,1
GT,1,1,56,1,1,1
天窗,1,1,1,1,1,1
悬浮式,1,1,1,1,1,1
高端,23,56,45,1,1,1
AT,1,1,1,1,1,1
质感,1,1,1,1,1,1
视觉,1,1,1,1,1,32
装饰,1,1,1,1,1,56
车载,1,1,23,1,1,35
Q3,1,1,1,1,1,1
设计语言,75,1,56,1,1,1
多功能,1,1,1,1,1,1
颜值,75,1,1,1,1,1
杆位,1,1,1,1,1,1
博越,1,1,1,1,1,1
雅阁,1,1,1,1,1,1
F1,1,1,1,1,1,1
出风口,1,1,1,1,34,45
运动感,1,1,1,1,56,1
探歌,1,1,1,1,1,1
概念车,1,34,56,1,1,1
1.5L,1,1,1,1,1,1
帝豪GS,1,1,1,1,1,1
迈腾,1,1,1,1,1,1
车联网,1,45,67,1,1,1
电动机,1,1,1,1,34,45
乘用车,1,1,1,1,1,1
舒适,1,53,1,1,1,1
SUV市场,1,32,45,1,23,1
柯米克,1,1,1,1,1,1
梅赛德斯,1,45,1,1,1,1
RX,1,1,1,1,1,1
CS75,1,1,1,1,1,1
自动驾驶,1,56,1,1,1,1
豪车,1,46,1,1,1,1
红旗,1,34,1,1,1,1
混合动力,1,67,1,1,1,1
省油,1,1,1,45,70,1
互联网,1,56,1,1,1,1
关税,1,1,1,1,1,1
2.0升,1,1,1,1,1,1
显示屏,1,1,1,1,1,1
耐力赛,1,1,1,100,1,1
荣威RX8,68,1,1,25,1,1
Plus,56,1,1,1,1,1
四驱系统,45,1,1,1,1,1
皮卡,1,1,1,1,1,1
自然吸气,1,1,1,1,1,1
红色,1,1,1,1,1,1
1.8T,1,1,1,1,1,1
消息来源,85,1,1,1,1,1
哈弗H6,1,1,1,1,1,1
哈弗H9,1,1,1,1,1,1
回头率,1,1,1,1,68,1
Q5,1,1,1,1,1,1
经济,1,1,1,1,56,1
PHEV,1,1,30,30,35,1
电动汽车,1,1,30,1,34,1
性价比,35,1,1,1,25,1
天气,1,1,1,90,1,1
三缸,1,1,1,45,1,1
双离合,1,1,1,70,1,1
单圈,1,1,1,70,1,1
传动系统,1,1,1,45,1,1
卡罗拉,1,1,1,1,1,1
腰线,1,1,1,1,1,1
凯美瑞,1,1,1,1,1,1
高达,1,1,1,1,1,1
双离合变速箱,1,1,1,45,54,23
屏幕,1,1,1,1,1,43
MPV,1,1,1,1,1,1
外观设计,45,1,1,1,1,1
颜色,45,1,1,1,1,1
FF,1,1,1,1,1,1
材料,1,1,33,1,1,1
昂科威,1,1,1,1,1,1
大气,1,1,1,1,1,1
套件,1,1,1,1,1,1
手动,1,1,1,1,1,1
大灯组,1,1,1,1,1,1
宝马X1,1,1,1,1,1,1
联系,1,1,1,1,1,1
面积,1,1,1,1,1,1
阿隆索,1,1,1,1,1,1
车展,85,21,1,1,1,1
EX360,1,1,1,1,1,1
引擎,1,1,1,1,1,1
卤素,1,1,1,1,1,1
手自一体,1,1,1,1,1,1
紧凑,1,1,1,1,1,1
紧凑型,1,1,1,1,1,1
日间行车灯,1,1,1,1,1,1
瑞虎8,1,1,1,1,1,1
动感,1,1,1,1,1,1
个性,1,1,1,1,1,1
前脸,1,1,1,1,1,1
趋势,1,56,1,1,1,1
电话,1,1,1,1,1,1
宝来,1,1,1,1,1,1
尾标,1,1,1,1,1,1
长城汽车,32,23,1,1,1,1
定速巡航,1,1,41,75,1,1
驾车,1,1,1,1,1,1
策略,10,20,1,1,1,1
流畅,1,1,1,1,1,1
徐留平,1,68,1,1,1,1
上路,1,1,1,1,1,1
国产车,24,1,1,1,1,1
奥德赛,1,1,1,1,1,1
1.4T,1,1,1,1,1,1
家族化,22,34,1,1,1,1
ACC,1,1,1,1,1,1
前大灯,1,1,1,1,1,1
德国,21,1,1,1,1,1
舒适性,25,1,1,1,1,1
轻量化,1,1,54,1,1,1
苹果,1,1,1,1,45,1
父亲,1,1,1,1,45,1
悦翔,1,1,1,1,45,1
便宜,1,1,1,1,45,1
交警,1,1,1,1,45,25
降温,1,1,1,1,45,25
方法,1,1,1,1,1,1
中型,1,1,1,1,1,1
勾勒,1,1,1,1,1,1
车标,1,1,1,1,1,1
荣威RX5,1,1,1,1,1,1
手刹,1,1,1,1,1,22
高温,1,1,1,1,1,22
清晰,1,1,1,1,1,22
大屏,1,1,1,1,1,22
交通事故,1,1,1,1,1,22
风光,1,1,1,1,1,1
宋MAX,1,1,1,1,1,1
日本,1,1,1,1,1,1
油价,1,1,1,1,34,1
逸动,1,1,1,1,1,1
MG,1,45,1,1,1,1
前大灯组,23,1,32,1,1,85
家庭,1,1,1,1,1,1
成品油,1,1,1,1,1,90
油门,1,1,1,1,1,1
动力电池,1,34,24,1,1,1
行人,1,1,1,1,1,1
交通,1,1,1,1,50,1
ix35,1,1,1,1,1,35
柴油,1,1,1,1,1,70
Z4,1,1,1,1,1,1
型车,1,1,1,1,1,1
商用车,33,1,1,1,1,1
朗逸,1,1,1,1,1,1
智能化,1,56,67,1,1,1
PACE,1,1,1,1,1,1
CVT,1,1,1,1,1,1
传祺GS4,1,1,1,1,1,1
燃料电池,1,56,67,1,1,1
Model,1,1,1,1,1,1
韩国,1,1,1,1,1,1
Concept,1,1,1,1,1,1
壁纸,1,1,1,1,1,90
奕泽IZOA,1,1,1,1,1,1
魅影,1,1,1,1,1,1
旅行车,1,1,1,1,1,1
环保,1,1,1,34,80,1
排气,1,1,1,1,34,60
昌河Q7,1,1,1,1,1,1
阳光,1,1,1,1,1,1
汉兰达,1,1,1,1,1,1
锂电池,1,56,30,1,1,85
赛事,1,80,1,1,1,1
很好,1,1,1,1,1,1
老化,1,1,1,1,1,1
宝骏360,1,1,1,1,1,1
老婆,1,1,1,1,1,1
Pro,1,1,1,1,1,1
绿色,23,56,1,1,1,1
办法,1,1,1,1,1,1
增幅,1,1,1,1,1,1
BMW,1,45,1,1,1,1
全新悦动,1,1,1,1,1,1
华为,1,1,1,1,1,1
条件,1,1,1,1,1,1
领克02,1,1,1,1,1,1
英国,1,1,1,1,1,1
深度,1,1,1,1,1,1
载物,1,1,1,1,1,85
家用,1,1,1,1,1,1
技巧,1,1,1,1,1,1
A6,1,1,1,1,1,1
勒芒,1,1,1,1,1,1
VV7,1,1,1,1,1,1
气质,1,1,1,1,1,1
控制系统,1,1,1,1,34,85
新车型,45,1,1,1,1,1
漏油,1,1,1,1,25,85
售后服务,1,1,1,1,25,85
降幅,1,1,1,1,25,1
年轻化,1,1,1,1,25,70
3.0T,1,1,1,34,1,1
动力系统,1,1,1,34,1,70
异味,1,1,1,34,1,1
路面,1,1,1,34,1,1
EC系列,1,1,1,34,1,1
进口车,1,1,1,34,1,1
心理,1,1,1,1,1,1
车间,1,1,1,1,1,1
根本,1,1,1,1,1,1
领克01,1,1,1,1,1,1
成果,23,1,1,1,1,1
银色,1,1,1,1,1,1
能源,1,15,1,1,70,85
口碑,1,1,1,1,1,1
措施,1,1,1,1,1,1
自动化,1,1,1,1,1,1
每吨,1,1,1,1,1,1
安全配置,24,1,1,34,45,45
足球,1,1,1,1,34,1
地图,1,1,1,1,1,1
博瑞GE,1,1,1,1,1,1
赛段,1,1,1,1,1,1
AI,1,56,56,1,1,1
思域,1,1,1,1,1,1
P8,1,1,1,1,1,1
锐界,1,1,1,1,1,1
智慧,1,80,30,1,23,1
进口关税,1,1,1,1,1,1
智能汽车,25,80,30,1,1,1
奥迪Q5L,1,1,1,1,1,1
Q2L,1,1,1,1,1,1
GLE,1,1,1,1,1,1
前格栅,1,1,1,1,1,1
X5,1,1,1,1,1,1
F7,1,1,1,1,1,1
合众,1,1,1,1,1,1
亮点,1,1,1,1,1,1
哪吒,1,1,1,1,1,1
影响力,1,1,1,1,70,1
欧尚,1,80,1,1,1,1
智能驾驶,1,1,1,1,1,1
亚洲,1,1,1,1,1,1
华晨,1,45,1,1,1,1
安全性,22,1,12,56,64,1
极限,1,1,1,1,1,1
BBA,1,1,1,1,1,1
主力,1,1,1,1,1,1
潮流,1,1,1,1,1,1
宝骏530,1,1,1,1,1,1
自动挡,1,1,1,1,1,1
ES,1,1,1,1,1,1
良好,1,1,1,1,1,1
众泰E200,1,1,1,1,1,1
合作伙伴,1,1,1,1,1,1
曹操,1,1,1,1,1,1
细分市场,80,1,10,1,1,1
动力学,1,1,1,1,1,1
税率,1,1,1,1,1,1
阶段,1,1,1,1,1,1
宋DM,1,1,1,1,1,1
海外版,1,1,1,1,1,1
环塔,1,1,1,1,1,1
主机,1,1,1,1,1,1
宝马3系,1,1,1,1,1,1
规定,1,1,1,1,1,1
入门级,1,1,1,1,1,1
转型,1,1,1,1,1,1
1.6T,1,1,1,1,1,1
客车,1,1,1,1,1,1
QX50,1,1,1,1,1,1
产品质量,1,1,1,1,45,56
高性能,1,1,1,23,45,56
仅供参考,1,1,1,1,1,1
特殊,1,1,1,1,1,1
锂电,1,45,34,1,1,1
绅宝D50,1,1,1,1,1,1
本土,1,1,1,1,1,1
皇冠,1,1,1,1,1,1
工艺,1,1,1,1,1,1
消费群体,1,1,1,1,100,1
农村,1,1,1,1,1,1
名爵ZS,1,1,1,1,1,1
商品,1,1,1,1,1,1
语音,1,1,1,1,1,1
运动版,1,1,1,1,1,1
戴姆勒,1,1,1,1,1,1
会员,1,1,1,1,100,1
智联,1,1,1,1,1,1
GS8,1,1,1,1,1,1
宝骏510,1,1,1,1,1,1
充足,1,1,1,1,1,1
真实性,1,1,1,1,100,1
力帆650EV,1,1,1,1,1,1
详细信息,1,1,1,1,1,1
高品质,1,1,1,1,1,1
准确性,1,1,1,1,100,1
法律责任,1,1,1,1,100,1
合法性,1,1,1,1,100,1
政府,1,1,1,1,1,1
智能网联汽车,1,1,1,1,1,1
胎压,1,1,1,1,1,1
可拨打,1,1,1,1,1,1
2.0L,1,1,1,1,1,1
沃兰,1,1,1,1,1,1
GE3,1,1,1,1,1,1
门槛,1,1,1,1,1,1
流程,1,1,1,1,1,1
人工智能,1,1,1,1,1,1
环比,1,1,1,1,1,1
无人驾驶,1,1,1,1,1,1
出租车,1,1,1,1,1,1
车网,1,1,1,1,1,1
睿骋CC,1,1,1,1,1,1
程式,1,1,1,1,1,1
摩托车,1,1,1,1,1,1
便捷,1,1,1,1,1,1
技能,1,1,1,1,1,1
插电混动,21,45,67,23,1,1
ARCFOX,1,1,1,1,1,1
楼兰,1,1,1,1,1,1
现车,1,1,1,1,1,1
CO,1,1,1,1,1,1
参赛,1,1,1,1,1,1
明星,1,1,1,1,100,1
雷达,1,1,1,1,1,1
部门,1,1,1,1,1,1
网站,1,1,1,1,1,1
字样,1,1,1,1,1,1
雄狮,1,1,1,1,1,1
盲区,1,1,1,1,1,1
卡车,1,1,1,1,1,1
HR,1,1,1,1,1,1
白色,1,1,1,1,1,1
安全隐患,80,1,1,1,50,1
满意度,1,1,1,1,100,1
柴油发动机,1,1,1,1,1,1
责任,1,1,1,1,1,1
新兴,1,1,1,1,1,1
Coupe,1,1,1,1,1,1
V6,1,1,1,1,1,1
众泰T700,1,1,1,1,1,1
Q8,1,1,1,1,1,1
凯越,1,1,1,1,1,1
冠道,1,1,1,1,1,1
AMG,1,1,1,1,1,1
酷路泽,1,1,1,1,1,1
奥迪Q8,1,1,1,1,1,1
奔驰GLS,1,1,1,1,1,1
吉姆尼,1,1,1,1,1,1
CC,1,1,1,1,1,1
豪华车,1,1,1,1,1,1
报价,95,1,1,1,1,1
Q5L,1,1,1,1,1,1
RS,1,1,1,1,1,1
T77,1,1,1,1,1,1
探险者,1,1,1,1,1,1
长安CS55,1,1,1,1,1,1
Cayenne,1,1,1,1,1,1
热线,1,1,1,1,1,1
圆形,1,1,1,1,1,1
宝马X6,1,1,1,1,1,1
V8,1,1,1,1,1,1
Macan,1,1,1,1,1,1
液晶屏,1,1,1,1,1,1
ifeng,1,1,1,1,1,1
气囊,1,1,1,1,1,1
CX,1,1,1,1,1,1
牧马人,1,1,1,1,1,1
越野车,1,1,1,1,1,1
管理中心,75,1,1,1,1,1
神车,1,1,1,1,1,1
总局,1,1,1,1,1,1
攻击性,1,1,1,1,1,1
荣放,1,1,1,1,1,1
ROC,1,1,1,1,1,1
优雅,1,1,1,1,1,1
路试谍,1,1,1,1,1,1
强烈,1,1,1,1,1,1
宽敞,1,1,1,1,1,1
马斯克,1,1,1,1,1,1
背式,1,1,1,1,1,1
迈锐宝,1,1,1,1,1,1
帕杰罗,1,1,1,1,1,1
配色,1,1,1,1,1,1
代号,85,1,1,1,1,1
锋范,1,1,1,1,1,1
监督管理,75,1,1,1,1,1
motor1,1,1,1,1,1,1
资本,1,1,1,1,1,1
SX11,80,1,1,1,1,1
车船税,1,1,1,1,1,1
股份,1,1,1,1,1,1
贷款,1,1,1,1,1,1
指标,1,1,1,1,1,1
红星,1,1,1,1,1,1
英朗,1,1,1,1,1,1
车牌,1,1,1,1,1,1
腾势,1,1,1,1,1,1
首汽,1,1,1,1,1,1
瑞虎3xe,1,1,1,1,1,1
资质,1,1,1,1,1,1
上述,1,1,1,1,1,1
平均,1,1,1,1,1,1
财富,1,1,1,1,1,1
捷途X70,1,1,1,1,1,1
普及,1,1,1,1,1,1
ESP,1,1,1,1,1,54
目录,1,1,1,1,1,1
充电站,12,56,45,1,1,1
传感器,1,1,1,23,23,1
南京,1,1,1,1,1,1
罚款,1,1,1,1,1,1
何小鹏,1,65,54,1,1,1
地铁,1,1,1,1,1,1
神州,1,1,1,1,1,1
极大,1,1,1,1,1,1
商业,1,1,1,1,1,1
广泛,1,1,1,1,1,1
小蚂蚁,1,1,1,1,1,1
BJ,1,1,1,1,1,1
润滑油,1,1,1,1,65,54
排量,1,23,23,1,65,54
来源,1,1,1,1,1,1
竞争对手,1,1,1,1,1,1
motion,1,1,1,1,1,1
福克斯,1,1,1,1,1,1
宝马X5,1,1,1,1,1,1
宝马X3,1,1,1,1,1,1
X3,1,1,1,1,1,1
辉昂,1,1,1,1,1,1
奥迪Q5,1,1,1,1,1,1
X6,1,1,1,1,1,1
中华V7,1,1,1,1,1,1
S60,1,1,1,1,1,1
宝马1系,1,1,1,1,1,1
碳纤维,1,1,1,1,1,1
贸易战,1,1,1,1,23,1
宝马5系,1,1,1,1,1,1
X1,1,1,1,1,1,1
套装,1,1,1,1,21,1
xDrive,1,1,1,1,1,1
T6,1,1,1,1,1,1
宝马X4,1,1,1,1,1,1
Q7,1,1,1,1,1,1
奔驰GLE,1,1,1,1,1,1
压缩比,1,1,1,1,1,1
双门,1,1,1,1,1,1
X4,1,1,1,1,1,1
M8,1,1,1,1,1,1
涡轮,21,12,34,1,21,34
X7,1,1,1,1,1,1
黑科技,21,12,34,1,1,1
Li,1,1,1,1,1,1
奥迪Q7,1,1,1,1,1,1
奥迪Q3,1,1,1,1,1,1
云端,1,1,1,1,1,1
V7,1,1,1,1,1,1
Supra,1,1,1,1,1,1
数字化,1,32,11,1,1,1
S90,1,1,1,1,1,1
马自达6,1,1,1,1,1,1
美国市场,1,1,1,1,1,1
CLAR,1,1,1,1,1,1
自动变速箱,1,1,1,1,1,1
奔驰GLC,1,1,1,1,1,1
V60,1,1,1,1,1,1
运动套装,1,1,1,1,1,1
股比,1,1,1,1,1,1
直列,1,1,1,1,1,1
奥迪A6L,1,1,1,1,1,1
匈牙利,1,1,1,1,1,1
M8X,1,1,1,1,1,1
XC60,1,1,1,1,1,1
机械,1,1,1,1,1,1
英菲尼迪QX50,1,1,1,1,1,1
总体,1,1,1,1,1,1
欧盟,1,1,1,1,1,1
宝马X2,1,1,1,1,1,1
凯迪拉克XT5,1,1,1,1,1,1
宝马2系旅行车,1,1,1,1,1,1
涨价,1,1,1,1,34,1
CLS,1,1,1,1,1,1
奔驰S级,1,1,1,1,1,1
ATS,1,1,1,1,1,1
名字,1,1,1,1,1,1
沃尔沃XC60,1,1,1,1,1,1
北美,1,1,1,1,1,1
声明,1,1,1,1,1,1
奔驰GLA,1,1,1,1,1,1
经济性,1,1,1,1,23,12
宝马车,1,1,1,1,1,1
尾气,1,1,1,1,1,1
激光,1,1,1,1,1,1
奔驰E级,1,1,1,1,1,1
T7,1,1,1,1,1,1
美国进口,1,1,1,1,1,1
奔驰C级,1,1,1,1,1,1
奢华,1,1,1,1,1,1
沃尔沃S60,1,1,1,1,1,1
吴昊,1,1,1,1,1,1
Sport,1,1,1,1,1,1
CS35,1,1,1,1,1,1
CS35Plus,1,1,1,1,1,1
Redline,1,1,1,1,1,1
野马T80,12,32,1,1,12,1
欧拉,1,1,1,1,1,1
夏朗,1,1,1,1,1,1
RV,1,1,1,1,1,1
iQ,1,1,1,1,1,1
CS85,1,1,1,1,1,1
长安CS35,1,1,1,1,1,1
平直,1,1,1,1,1,1
灯组,1,1,1,1,1,1
悦动,1,1,1,1,1,1
科鲁兹,1,1,1,1,1,1
LITE,1,1,1,1,1,1
SUBARU,1,1,1,1,1,1
ix,1,1,1,1,1,1
途胜,1,1,1,1,1,1
CS55,1,1,1,1,1,1
雷克萨斯UX,1,1,1,1,1,1
灰色,1,1,1,1,1,1
探界者,1,1,1,1,1,1
云逸,1,1,1,1,1,1
容积,1,1,1,1,1,1
亮面,1,1,1,1,1,1
三辐式,1,1,1,1,1,1
1.6升,1,1,1,1,1,1
C4,1,1,1,1,1,1
供选择,1,1,1,1,1,1
条幅,1,1,1,1,1,1
矩形,1,1,1,1,1,1
AIRCROSS,1,1,1,1,1,1
xDrive30i,1,1,1,1,1,1
最大输出功率,1,1,1,1,1,1
1.2T,23,32,21,1,1,1
后备,1,1,1,1,1,1
参数信息,1,1,1,1,1,1
新颖,1,1,1,1,1,1
锂离子,1,1,1,1,1,1
护板,1,1,1,1,1,1
生态系统,1,1,1,1,1,1
层次感,1,1,1,1,1,1
圆角,1,1,1,1,1,1
两厢版,1,1,1,1,1,1
ENCINO,1,1,1,1,1,1
x1850x1655,1,1,1,1,1,1
昂克赛拉,1,1,1,1,1,1
DCT,1,1,1,1,1,1
装饰板,1,1,1,1,1,1
钢琴漆,1,1,1,1,1,1
混动系统,1,1,1,1,1,1
本土化,1,1,1,1,1,1
家庭版,1,1,1,1,1,1
舒适型,1,1,1,1,1,1
x1825x1660,1,1,1,1,1,1
意大利人,1,1,1,1,1,1
很强,1,1,1,1,1,1
LT,1,1,1,1,1,1
宽度,1,1,1,1,1,1
扰流板,1,1,1,1,1,1
版权,1,1,1,1,1,1
光带,1,1,1,1,1,1
博格,1,1,1,1,1,1
媒体报道,12,1,1,1,1,1
xDrive25i,1,1,1,1,1,1
新动力,1,1,1,1,1,1
科幻,1,1,1,1,1,1
实用性,1,1,1,1,1,1
精品,1,1,1,1,1,1
BOXER,1,1,1,1,1,1
多边形,1,1,1,1,1,1
菲克,1,1,1,1,1,1
分体式,1,1,1,1,1,1
全黑,1,1,1,1,1,1
粗壮,1,1,1,1,1,1
Mazda,1,45,1,1,1,1
rpm,1,1,1,1,1,1
黑双色,1,1,1,1,1,1
环抱,1,1,1,1,1,1
感观,1,1,1,1,1,1
突显,1,1,1,1,1,1
窄条,1,1,1,1,1,1
全新途胜,1,1,1,1,1,1
Logo,1,1,1,1,1,1
三厢,1,1,1,1,1,1
肾格,1,1,1,1,1,1
分色,1,1,1,1,1,1
传功,1,1,1,1,1,1
都市,1,1,1,1,1,1
眼角,1,1,1,1,1,1
华纳,1,1,1,1,1,1
ZF,1,1,1,1,1,1
见面,1,1,1,1,1,1
方形,1,1,1,1,1,1
官方消息,1,1,1,1,1,1
额定功率,1,1,1,23,12,32
门板,1,1,1,1,1,1
厚重,1,1,1,1,1,1
NEDC,1,1,1,1,1,45
壳体,1,1,1,1,1,1
前唇,1,1,1,1,1,1
有所不同,1,1,1,1,1,1
钟爱,1,1,1,1,1,1
一键启动,12,1,1,23,23,45
网易,1,1,1,1,1,1
软质,1,1,1,1,1,1
熏黑,1,1,1,1,1,1
亮眼,1,1,1,1,1,1
扩散器,1,1,1,1,1,1
多样化,1,1,1,1,1,1
卡钳,1,1,1,1,1,1
成都,1,1,1,1,1,1
关键词,1,1,1,1,1,1
蓝天,1,1,1,1,1,1
沉稳,1,1,1,1,1,1
行李厢,1,1,1,1,1,1
椭圆形,1,1,1,1,1,1
腿部,1,1,1,1,1,1
车体,1,1,1,1,1,1
MT,1,1,1,1,1,45
棱角分明,1,1,1,1,1,1
微型,1,1,1,1,1,1
三区,1,1,1,1,1,1
金属,1,1,1,1,1,1
亮色,1,1,1,1,1,1
主体,1,1,1,1,1,1
色调,1,1,1,1,1,1
过分,1,1,1,1,1,1
大通D90,1,1,1,1,1,1
G50,1,1,1,1,1,1
C2B,1,1,1,1,1,1
货车,1,1,1,1,1,1
D90,1,1,1,1,1,1
嘴式,1,1,1,1,1,1
大通,1,1,1,1,1,1
庞大,1,1,1,1,1,1
排行榜,1,1,1,1,1,1
G10,1,1,1,1,1,1
电解液,1,1,1,1,1,1
顺风,1,1,1,1,1,1
上汽大通V80,1,1,1,1,1,1
恒大,1,1,1,1,1,1
蜘蛛,1,1,1,1,1,1
建筑材料,1,1,1,1,1,1
车国,1,1,1,1,1,1
上汽大通D90,1,1,1,1,1,1
星级,1,1,1,1,1,1
上汽大通G10,1,1,1,1,1,1
房车,1,1,1,1,1,1
工作人员,1,1,1,1,1,1
车镜,1,1,1,1,1,1
奔驰G级,1,1,1,1,1,1
氢气,1,1,1,1,1,1
个性化,1,1,1,1,1,1
卡宴,1,1,1,1,1,1
股权,1,1,1,1,1,1
磷酸,1,1,1,1,1,1
储物,1,1,1,1,1,1
电池组,1,1,1,1,1,1
FCV80,1,1,1,1,1,1
产量,32,45,56,1,1,1
燃料,12,45,56,1,21,32
菜鸟,1,1,1,1,1,1
传祺GS8,1,1,1,1,1,1
红标,1,1,1,1,1,1
坐姿,1,1,1,1,1,1
丰巢,1,1,1,1,1,1
能源网,12,45,56,1,21,32
电能,1,1,1,1,1,1
联盟,1,1,1,1,1,1
榜首,1,1,1,1,1,1
斑马,1,45,1,23,21,32
青松,1,1,1,1,1,1
爱奇艺,1,1,1,1,1,1
专列,1,1,1,1,1,1
常见,1,1,1,1,1,1
饰条,1,1,1,1,1,1
捷克,1,1,1,1,1,1
发行价,1,1,1,1,1,1
作业,1,1,1,1,1,1
租期,1,1,1,1,1,1
FCV8,1,1,1,1,1,1
知识产权,1,1,1,1,1,1
宽体,1,1,1,1,1,1
土地,1,1,1,1,1,1
厢式,1,1,1,1,1,1
华菱,1,1,1,1,1,1
周先生,1,1,1,1,1,1
下单,1,1,1,1,1,1
ES8,1,1,1,1,1,1
IPO,1,1,1,1,1,1
属性,1,1,1,1,1,1
座椅加热,1,1,1,1,35,23
峰会,1,1,1,1,1,1
飞碟,1,1,1,1,1,1
将格,1,1,1,1,1,1
货运,1,1,1,1,1,1
自适应巡航,1,1,1,23,35,23
布置,1,1,1,1,1,1
方正,1,1,1,1,1,1
HUD,1,1,1,1,1,1
大哥,1,1,1,1,1,1
观众,1,1,1,1,1,1
法拉第,1,1,1,1,1,1
英致G3,1,1,1,1,1,1
圆通,1,1,1,1,1,1
重型,1,1,1,1,1,1
无缘,1,1,1,1,1,1
气孔,1,1,1,1,1,1
别克GL8,1,1,1,1,1,1
涟漪,1,1,1,1,1,1
通风,1,1,1,1,1,1
初创,1,1,1,1,1,1
大通G10,1,1,1,1,1,1
汽车网,1,1,1,1,1,1
大规模,1,1,1,1,1,1
变形,1,1,1,1,1,1
不俗,1,1,1,1,1,1
钢琴,1,1,1,1,1,1
小客车,1,1,1,1,1,1
新股,1,1,1,1,1,1
行驶证,1,1,1,1,1,1
评价,1,1,1,1,1,1
庆铃,1,1,1,1,1,1
乘员,1,1,1,1,1,1
交通运输,1,1,1,1,1,1
驾驶室,1,1,1,1,1,1
专利,1,1,1,1,1,1
指导,1,1,1,1,1,1
电站,12,23,45,21,34,23
自由,1,1,1,1,1,1
安徽省,1,1,1,1,1,1
触摸屏,1,1,1,1,1,1
机械式,1,1,1,23,45,21
无人机,1,1,1,1,1,1
一辆车,1,1,1,1,1,1
集团股份,1,1,1,1,1,1
参观,1,1,1,1,1,1
五星,,1,1,1,1,1
强国,1,1,1,1,1,1
展览会,30,1,1,1,1,1
子公司,1,1,1,1,1,1
normal,1,1,1,1,1,1
开瑞K60,1,1,1,1,1,1
刘强东,1,1,1,1,1,1
硬派,1,1,1,1,1,1
京牌,1,1,1,1,1,1
协同效应,1,35,1,1,35,1
自由选择,1,1,1,1,1,1
偏置,1,1,1,1,1,1
痕迹,1,1,1,1,1,1
面子,1,1,1,1,1,1
设施,1,1,1,1,1,1
澳洲,1,1,1,1,1,1
不仅如此,1,1,1,1,1,1
NIO,1,45,1,1,1,1
苏宁,1,1,1,1,1,1
微卡,1,1,1,1,1,1
配器,1,1,1,1,1,1
铁路,1,1,1,1,1,1
NCAP,35,1,1,35,1,35
期待已久,35,1,1,1,1,1
具体情况,1,1,1,1,1,1
轻型,1,1,1,1,1,1
智选,1,35,1,1,1,1
索纳塔,1,1,1,1,1,1
开幕式,1,1,1,1,1,1
值得称赞,1,1,1,1,35,1
申通,1,1,1,1,1,1
关心,1,1,1,1,1,1
精心,1,1,1,1,1,1
气帘,1,1,1,1,1,1
爱好者,1,1,1,1,1,1
双重,1,1,1,1,1,1
前途K50,1,1,1,1,1,1
中卡,1,1,1,1,1,1
名爵6,1,1,1,1,1,1
英伦,1,1,1,1,1,1
名爵6新能源,1,1,1,1,1,1
奥迪S4,1,1,1,1,1,1
V8发动机,1,1,1,1,1,1
毛京波,1,1,1,1,1,1
EQ,1,1,1,1,1,1
A35,1,1,1,1,1,1
NO,1,1,1,1,1,1
GLS,1,1,1,1,1,1
MGCC,1,1,1,1,1,1
GLB,1,1,1,1,1,1
形面,1,1,1,1,1,1
Polestar,1,1,1,1,1,1
S4,1,1,1,1,1,1
利物浦,1,1,1,1,1,1
感性,1,1,1,1,1,1
1.5升,1,1,1,1,1,1
泰国,1,1,1,1,1,1
巴黎,1,1,1,1,1,1
李宏鹏,1,1,1,1,1,1
横幅,1,1,1,1,1,1
GLC,1,1,1,1,1,1
YOUNG,1,1,1,1,1,1
韩魏,1,1,1,1,1,1
MATIC,1,1,1,1,1,1
CLA,1,1,1,1,1,1
Gran,1,1,1,1,1,1
拉力赛,21,1,1,32,35,56
山路,1,1,1,32,35,56
BOSE,1,1,1,1,1,1
俱乐部,1,1,1,1,1,1
C43,1,1,1,1,1,1
Super,1,1,1,1,1,1
鲨鱼,1,1,1,1,1,1
安全带,1,1,1,1,1,1
骨架,1,1,1,1,1,1
PILOT,1,1,1,1,1,1
MGB,1,1,1,1,1,1
Smart,1,45,1,1,1,1
Trophy,1,1,1,1,1,1
智行,1,1,1,1,1,1
INSPIRE,1,1,1,1,1,1
展厅,1,1,1,1,1,1
强力,1,1,1,1,1,1
Sense,1,1,1,1,1,1
感官,1,1,1,1,1,1
驾控,1,1,1,1,1,1
背车,1,1,1,1,1,1
Performance,1,1,1,1,1,1
光影,1,1,1,1,1,1
本能,1,1,1,1,1,1
always,1,1,1,1,1,1
寓意,1,1,1,1,1,1
迈巴赫,1,45,1,1,1,1
定义,1,1,1,1,1,1
肩线,1,1,1,1,1,1
新体验,1,1,1,1,1,1
绘图,1,1,1,1,1,1
1.0T,1,1,1,1,1,1
三角形,1,1,1,1,1,1
四门,1,1,1,1,1,1
伦敦,1,1,1,1,1,1
帝豪GL,1,1,1,1,1,1
柯珞克,1,1,1,1,1,1
玩具,1,1,1,1,1,1
全维,1,1,1,1,1,1
力量感,34,1,1,1,36,1
Hormone,80,1,1,1,1,1
水准,1,1,1,1,1,1
力场,1,1,1,1,1,1
总裁,1,1,1,1,1,1
标志性,1,1,1,1,1,1
www,1,1,1,1,1,1
爆发力,1,1,1,45,23,1
远景S1,1,1,1,1,1,1
样本,1,1,1,1,1,1
Heyday,1,1,1,1,1,1
轩逸,1,1,1,1,1,1
LAFESTA,80,1,1,1,1,1
欲罢不能,1,1,1,1,1,1
首秀,1,1,1,1,1,1
圈层,1,1,1,1,1,1
Satiated,1,1,1,1,1,1
星耀,1,1,1,1,1,1
奔驰GL,1,1,1,1,1,1
上将,1,1,1,1,1,1
Hale,1,1,1,1,1,1
荣威i6,1,1,1,1,1,1
GS4,1,1,1,1,1,1
途观,1,1,1,1,1,1
荣威Ei5,1,1,1,1,1,1
新政,1,1,1,1,1,1
长安CS75,1,1,1,1,1,1
奇骏,1,1,1,1,1,1
轿车市场,12,15,21,1,1,1
XR,1,1,1,1,1,1
价位,1,1,1,1,1,1
系数,1,1,1,1,1,1
瑞虎5x,1,1,1,1,1,1
隐藏式,1,1,1,1,1,1
缤智,1,1,1,1,1,1
绅宝X55,1,1,1,1,1,1
体制,1,1,1,1,1,1
Premium,1,1,1,1,1,1
TOP,1,1,1,1,1,1
H6,1,1,1,1,1,1
黑金,1,1,1,1,1,1
荣威RX3,1,1,1,1,1,1
东风风神AX7,1,1,1,1,1,1
通用五菱,1,1,1,1,1,1
ES6,1,1,1,1,1,1
砖叔,1,1,1,1,1,1
联会,1,1,1,1,1,1
爱琴海,1,1,1,1,1,1
AR,1,1,1,1,1,1
帝豪,1,1,1,1,1,1
联网,12,25,25,1,1,1
TOP10,1,1,1,1,1,1
超豪,1,1,1,1,1,1
购物,1,1,1,1,1,1
均衡,1,1,1,1,1,1
大威,1,1,1,1,1,1
高清,1,1,1,1,1,1
世界杯赛,1,1,1,1,1,1
tron,1,1,1,1,1,1
律动,1,1,1,1,1,1
公园,1,1,1,1,1,1
厚道,1,1,1,1,1,1
反观,1,1,1,1,1,1
份额,1,1,1,1,1,1
威马,1,1,1,1,1,1
过渡期,1,1,1,1,1,1
无线,1,1,1,1,1,1
现实,1,1,1,1,1,1
Wh,1,1,1,1,1,1
F5,80,1,1,1,1,1
卖点,1,1,1,1,1,1
国产品牌,1,1,1,1,1,1
众泰SR9,1,1,1,1,1,1
值得注意,1,1,1,1,1,1
途昂,1,1,1,1,1,1
四化,1,1,1,1,1,1
典型,1,1,1,1,1,1
比如说,1,1,1,1,1,1
瑞虎7,1,1,1,1,1,1
五月份,1,1,1,1,1,1
宝骏E100,1,1,1,1,1,1
哈弗H4,1,1,1,1,1,1
登场,1,1,1,1,1,1
马自达3,1,1,1,1,1,1
帝豪EV,1,1,1,1,1,1
元邦,1,1,1,1,1,1
格越,1,1,1,1,1,1
上通,1,1,1,1,1,1
市场份额,60,1,1,1,1,1
涨幅,1,1,1,1,1,1
物种,1,1,1,1,1,1
亚军,1,1,1,1,1,1
门把手,1,1,1,1,1,1
英文,1,1,1,1,1,1
挑战赛,1,1,1,1,1,1
程序,1,1,1,1,1,1
20T,1,1,1,1,1,1
五菱宏光,1,1,1,1,1,1
势头,1,1,1,1,1,1
强势,1,1,1,1,1,1
破百,1,1,1,1,1,1
科沃兹,1,1,1,1,1,1
动车,1,1,1,1,1,1
热门,1,1,1,1,1,1
AliOS,1,1,1,1,1,1
世界级,1,1,1,1,1,1
交通广播,1,1,1,1,1,1
手动挡,1,1,1,1,1,1
朗逸Plus,1,1,1,1,1,1
帕萨特,1,1,1,1,1,1
新宝来,1,1,1,1,1,1
Tharu,1,1,1,1,1,1
速腾,1,1,1,1,1,1
途安L,1,1,1,1,1,1
途观L,1,1,1,1,1,1
MQB,1,1,1,1,1,1
一汽大众,1,1,1,1,1,1
Cross,1,1,1,1,1,1
Line,1,1,1,1,1,1
凌渡,1,1,1,1,1,1
大众汽车集团,1,45,1,1,1,1
拓界,1,1,1,1,1,1
Polo,1,1,1,1,1,1
豪华版,12,1,1,12,25,1
高低,1,1,1,1,1,1
两辆车,1,1,1,1,1,1
TSI,1,1,1,1,1,35
天籁,1,1,1,1,1,1
兹曼,1,1,1,1,1,1
中级车,1,1,1,1,1,1
贡献,1,1,1,1,1,1
探荣,80,1,1,1,1,1
精英,1,1,1,1,1,1
TAYRON,80,1,1,1,1,1
Auto,1,1,1,1,1,1
途锐,1,1,1,1,1,1
狭义,1,1,1,1,1,1
增长率,1,1,1,1,1,1
桑塔纳,1,1,1,1,1,1
科雷嘉,1,1,1,1,1,1
产品线,1,35,25,1,1,1
教授,1,1,1,1,1,1
邱小铖,1,1,1,1,1,1
宝骏730,1,1,1,1,1,1
大众汽车,1,45,1,1,1,1
柯迪亚克,1,1,1,1,1,1
外界,1,1,1,1,1,1
EA211,1,1,1,1,1,45
下线,1,1,1,1,1,1
二者,1,1,1,1,1,1
兄弟,1,1,1,1,1,1
科迪亚克,1,1,1,1,1,1
丝绸之路,1,1,1,1,1,1
逍客,1,1,1,1,1,1
CR,1,1,1,1,1,1
CarPlay,1,1,1,1,1,1
态势,1,1,1,1,1,1
SI,1,1,1,1,1,1
远景X1,1,1,1,1,1,1
辣爸,1,1,1,1,1,1
舒适版,1,1,1,1,1,1
净化器,1,1,1,1,1,1
局面,1,1,1,1,1,1
湿式,1,1,1,1,1,1
孩子,1,1,1,1,1,1
USB,1,1,1,1,1,1
塑料,1,1,1,1,1,1
平衡,1,1,1,1,1,1
同一,1,1,1,1,1,1
飞度,1,1,1,1,1,1
高尔夫,1,1,1,1,1,1
宽大,1,1,1,1,1,1
广汇,1,1,1,1,1,1
Beats,1,1,1,1,1,1
冯思翰,1,1,1,1,1,1
A0,1,1,1,1,1,1
MIB,1,1,1,1,1,1
兵哥,1,1,1,1,1,1
出众,1,1,1,1,1,1
海洋,1,1,1,1,1,1
金牛座,1,1,1,1,1,1
梯形,1,1,1,1,1,1
热度,1,1,1,1,1,1
百城,1,1,1,1,1,1
单月,1,1,1,1,1,1
千镇,1,1,1,1,1,1
犀牛,1,1,1,1,1,1
阵营,1,35,23,1,25,1
西南,1,1,1,1,1,1
宋军,1,1,1,1,1,1
辉腾,1,1,1,1,1,1
酷车,1,1,1,1,1,1
MLB,1,1,1,1,1,1
凌派,1,1,1,1,1,1
卓越,1,1,1,1,1,1
